Workbook

Sheet Sheet1
A3: AUTOCAL SOLUTIONS PVT. LTD.
A4: Laboratory: 06, Gurusampada Society, Vanvihar Colony,
A5: Behind Bhonsala School, Nashik - 422 005, Maharashtra, India.
A6: Email Id: nashiklab@autocal.net Web Adderess: www.autocal.net
A7: Phone No.: (0253) 2352168
N8: Cert. No.: C-1505
E11: CALIBRATION CERTIFICATE | N11: 5.10/R/E-01,Rev. 01
N12: Page 1 of 2
A13: Certificate No. | D13: 16174766/N/ET/01 | H13: Issue Date | M13: 17/02/2017
A14: Date of Calibration | D14: 16/02/2017 | H14: Recommended Next Calibration Date | M14: 15/02/2018
A16: Service Request Form No. | F16: 16174766
A17: Calibrated for | F17: M/s.Enam Casting Pvt Ltd
F18: D-72,MIDC Area, Satpur,Nashik - 422 007.
A20: Date of Receipt of Instrument | F20: =D14 -> 16/02/2017
A21: Condition of Instrument on Receipt | F21: Working | I21: Calibrated at | M21: Site
A22: Details of Unit Under Calibration (UUC) :
A23: Description | D23: Analog H.V. Tester (AC) | H23: Range | L23: 0 to 100 kV AC @ 50Hz
A24: Make / Model | D24: Ericon Transformer | H24: Resolution | L24: 2 kV AC
A25: Serial No. | D25: HVT-726 | H25: Accuracy | L25: ±5% Fsd
A26: ID No. | D26: --- | H26: Work Instruction No. | L26: WI/ASPL/CAL/ET-06 &19
A27: Environmental Conditions :
A28: Temperature | E28: 25 ±5°C | I28: Relative Humidity | M28: 60 ±15%RH
A30: Details of Standard Used for Calibration (Traceable to National / International Standards)
A31: Description | D31: Make / Model | G31: Serial No. | J31: Traceability ( Certificate No. ) | N31: Valid Upto
A32: H.V. Divider with kV meter | D32: Wavetek / 9100 | G32: STD/NSK/ET-01 | J32: ASPL, Vasai | N32: 23/02/2017
J33: ( 15164490/ET/11 )
A35: Measurement Result Refer to Page No. 2
A37: Remarks
A38: 1. The reported expanded uncertainty of measurement is stated as a standard uncertainty of measurement multiplied by coverage factor 'k' such that the coverage probabilty corresponds to approximately 95.45% confidence level.
A39: 2. The measured values mentioned are the average of 5 readings.
A40: 3. Measured readings have been mentioned.
A41: 4. Readings taken as per customer request.
A42: Notes
A43: 1. This report refers only to particular item calibrated at site/ Laboratory.
A44: 2. The calibration results reported are valid at the time of and under the stated conditions of measurement.
A45: 3. Any correction in this certificate invalidates this certificate.
A46: 4. This certificate shall not be reproduced except, in full without the written approval from the Laboratory.
A56: Calibrated By | L56: Authorised Signatory
A57: Bhupendra Ozarkar | L57: Baviskar P.U.
A58: Calibration Engineer | L58: Technical Manager
A62: AUTOCAL SOLUTIONS PVT. LTD.
A63: Laboratory: 06, Gurusampada Society, Vanvihar Colony,
A64: Behind Bhonsala School, Nashik - 422 005, Maharashtra, India.
A65: Email Id: nashiklab@autocal.net Web Address: www.autocal.net
A66: Phone No.: (0253) 2352168
N68: =N11 -> 5.10/R/E-01,Rev. 01
N69: Page 2 of 2
A70: Certificate No. | D70: =D13 -> 16174766/N/ET/01 | H70: Issue Date | M70: =M13 -> 17/02/2017
A71: Date of Calibration | D71: =D14 -> 16/02/2017 | H71: Recommended Next Calibration Date | M71: =M14 -> 15/02/2018
A73: Measurement Result | P73: UNCERTAINTY EVALUATION
A75: Range | B75: Test Point | D75: Nominal Value on Standard | F75: Measured Value on UUC | H75: Deviation | J75: Deviation (%Fsd) | L75: (±) Expanded Uncertainty (%Fsd) | N75: Coverage Factor (k) | P75: =D23 -> Analog H.V. Tester (AC)
P76: =A70 -> Certificate No. | R76: =E70 -> 0
A77: Parameter : High Voltage AC @ 50 Hz | O77: Test Point | P77: Type "A" (Repeatability) | U77: Avg. | V77: SD | W77: Ua | X77: Limits (%) | Y77: Divisor | Z77: Ub1 | AA77: Limits (%) | AB77: Divisor | AC77: Ub2 | AE77: Limits (A) | AF77: Divisor | AG77: Ub3 (%) | AH77: Uc (%) | AI77: DOF | AJ77: k | AK77: Ux (%) | AM77: CMC as per Scope (%rdg)
A78: 0 to 100kV AC @ 50Hz | B78: 0 | C78: kV | D78: 0 | E78: =C78 -> kV | F78: 0 | G78: =C78 -> kV | H78: 0 | I78: =C78 -> kV | J78: --- | L78: --- | N78: --- | O78: =B78 -> 0 | P78: 0 | Q78: 0 | R78: 0 | S78: 0 | T78: 0 | U78: =AVERAGE(P78:T78) -> 0 | V78: =STDEV(P78:T78) -> 0 | W78: =V78/SQRT(5)*100/O78 -> #DIV/0! | X78: 0.026 | Y78: 2 | Z78: =X78/Y78 -> 0.013 | AA78: 2 | AB78: 1.732 | AC78: =(AA78/AB78) -> 1.1547344 | AE78: 2 | AF78: 1.732 | AG78: =(AE78/2)/AF78*100/O78 -> #DIV/0! | AH78: =SQRT(W78*W78+Z78*Z78+AC78*AC78+AG78*AG78) -> #DIV/0! | AI78: =(AH78*AH78*AH78*AH78)/((W78*W78*W78*W78)/4) -> #DIV/0! | AJ78: =IF(AI78="Infinity",2,IF(AI78<30,CHOOSE(AI78,13.97,4.53,3.31,2.87,2.65,2.52,2.43,2.37,2.32,2.28,2.25,2.23,2.21,2.2,2.18,2.17,2.16,2.15,2.14,2.13,2.13,2.12,2.12,2.11,2.11,2.1,2.1,2.09,2.09),2)) -> #DIV/0! | AK78: =ABS(AH78*AJ78) -> #DIV/0! | AM78: 0.17 | AN78: =MAX(AK78:AM78) -> #DIV/0!
B79: 10 | D79: 10.8 | F79: 10 | H79: =F79-D79 -> -0.8 | J79: =H79*100/100 -> -0.8 | L79: =AN79 -> 11.776123 | N79: 2 | O79: =B79 -> 10 | P79: 10.8 | Q79: 10.8 | R79: 10.8 | S79: 10.81 | T79: 10.8 | U79: =AVERAGE(P79:T79) -> 10.802 | V79: =STDEV(P79:T79) -> 0.004472136 | W79: =V79/SQRT(5)*100/O79 -> 0.02 | X79: 0.026 | Y79: 2 | Z79: =X79/Y79 -> 0.013 | AA79: 2 | AB79: 1.732 | AC79: =(AA79/AB79) -> 1.1547344 | AE79: 2 | AF79: 1.732 | AG79: =(AE79/2)/AF79*100/O79 -> 5.7736721 | AH79: =SQRT(W79*W79+Z79*Z79+AC79*AC79+AG79*AG79) -> 5.8880616 | AI79: =(AH79*AH79*AH79*AH79)/((W79*W79*W79*W79)/4) -> 3.0048956e+10 | AJ79: =IF(AI79="Infinity",2,IF(AI79<30,CHOOSE(AI79,13.97,4.53,3.31,2.87,2.65,2.52,2.43,2.37,2.32,2.28,2.25,2.23,2.21,2.2,2.18,2.17,2.16,2.15,2.14,2.13,2.13,2.12,2.12,2.11,2.11,2.1,2.1,2.09,2.09),2)) -> 2 | AK79: =ABS(AH79*AJ79) -> 11.776123 | AM79: 0.17 | AN79: =MAX(AK79:AM79) -> 11.776123
B80: 20 | D80: 21.89 | F80: 20 | H80: =F80-D80 -> -1.89 | J80: =H80*100/100 -> -1.89 | L80: =AN80 -> 6.2186181 | N80: 2 | O80: =B80 -> 20 | P80: 21.89 | Q80: 21.89 | R80: 21.89 | S80: 21.87 | T80: 21.89 | U80: =AVERAGE(P80:T80) -> 21.886 | V80: =STDEV(P80:T80) -> 0.0089442719 | W80: =V80/SQRT(5)*100/O80 -> 0.02 | X80: 0.026 | Y80: 2 | Z80: =X80/Y80 -> 0.013 | AA80: 2 | AB80: 1.732 | AC80: =(AA80/AB80) -> 1.1547344 | AE80: 2 | AF80: 1.732 | AG80: =(AE80/2)/AF80*100/O80 -> 2.886836 | AH80: =SQRT(W80*W80+Z80*Z80+AC80*AC80+AG80*AG80) -> 3.1093091 | AI80: =(AH80*AH80*AH80*AH80)/((W80*W80*W80*W80)/4) -> 2.3366603e+09 | AJ80: =IF(AI80="Infinity",2,IF(AI80<30,CHOOSE(AI80,13.97,4.53,3.31,2.87,2.65,2.52,2.43,2.37,2.32,2.28,2.25,2.23,2.21,2.2,2.18,2.17,2.16,2.15,2.14,2.13,2.13,2.12,2.12,2.11,2.11,2.1,2.1,2.09,2.09),2)) -> 2 | AK80: =ABS(AH80*AJ80) -> 6.2186181 | AM80: 0.17 | AN80: =MAX(AK80:AM80) -> 6.2186181
B81: 30 | D81: 32.94 | F81: 30 | H81: =F81-D81 -> -2.94 | J81: =H81*100/100 -> -2.94 | L81: =AN81 -> 4.4888956 | N81: 2 | O81: =B81 -> 30 | P81: 32.94 | Q81: 32.94 | R81: 32.94 | S81: 32.95 | T81: 32.94 | U81: =AVERAGE(P81:T81) -> 32.942 | V81: =STDEV(P81:T81) -> 0.004472136 | W81: =V81/SQRT(5)*100/O81 -> 0.0066666667 | X81: 0.026 | Y81: 2 | Z81: =X81/Y81 -> 0.013 | AA81: 2 | AB81: 1.732 | AC81: =(AA81/AB81) -> 1.1547344 | AE81: 2 | AF81: 1.732 | AG81: =(AE81/2)/AF81*100/O81 -> 1.9245574 | AH81: =SQRT(W81*W81+Z81*Z81+AC81*AC81+AG81*AG81) -> 2.2444478 | AI81: =(AH81*AH81*AH81*AH81)/((W81*W81*W81*W81)/4) -> 5.1388161e+10 | AJ81: =IF(AI81="Infinity",2,IF(AI81<30,CHOOSE(AI81,13.97,4.53,3.31,2.87,2.65,2.52,2.43,2.37,2.32,2.28,2.25,2.23,2.21,2.2,2.18,2.17,2.16,2.15,2.14,2.13,2.13,2.12,2.12,2.11,2.11,2.1,2.1,2.09,2.09),2)) -> 2 | AK81: =ABS(AH81*AJ81) -> 4.4888956 | AM81: 0.17 | AN81: =MAX(AK81:AM81) -> 4.4888956
B82: 40 | D82: 43.72 | F82: 40 | H82: =F82-D82 -> -3.72 | J82: =H82*100/100 -> -3.72 | L82: =AN82 -> 3.6970589 | N82: 2 | O82: =B82 -> 40 | P82: 43.72 | Q82: 43.72 | R82: 43.72 | S82: 43.73 | T82: 43.72 | U82: =AVERAGE(P82:T82) -> 43.722 | V82: =STDEV(P82:T82) -> 0.004472136 | W82: =V82/SQRT(5)*100/O82 -> 0.005 | X82: 0.026 | Y82: 2 | Z82: =X82/Y82 -> 0.013 | AA82: 2 | AB82: 1.732 | AC82: =(AA82/AB82) -> 1.1547344 | AE82: 2 | AF82: 1.732 | AG82: =(AE82/2)/AF82*100/O82 -> 1.443418 | AH82: =SQRT(W82*W82+Z82*Z82+AC82*AC82+AG82*AG82) -> 1.8485294 | AI82: =(AH82*AH82*AH82*AH82)/((W82*W82*W82*W82)/4) -> 7.4728363e+10 | AJ82: =IF(AI82="Infinity",2,IF(AI82<30,CHOOSE(AI82,13.97,4.53,3.31,2.87,2.65,2.52,2.43,2.37,2.32,2.28,2.25,2.23,2.21,2.2,2.18,2.17,2.16,2.15,2.14,2.13,2.13,2.12,2.12,2.11,2.11,2.1,2.1,2.09,2.09),2)) -> 2 | AK82: =ABS(AH82*AJ82) -> 3.6970589 | AM82: 0.17 | AN82: =MAX(AK82:AM82) -> 3.6970589
B83: 50 | D83: 54.17 | F83: 50 | H83: =F83-D83 -> -4.17 | J83: =H83*100/100 -> -4.17 | L83: =AN83 -> 3.2661954 | N83: 2 | O83: =B83 -> 50 | P83: 54.17 | Q83: 54.17 | R83: 54.17 | S83: 54.18 | T83: 54.17 | U83: =AVERAGE(P83:T83) -> 54.172 | V83: =STDEV(P83:T83) -> 0.004472136 | W83: =V83/SQRT(5)*100/O83 -> 0.004 | X83: 0.026 | Y83: 2 | Z83: =X83/Y83 -> 0.013 | AA83: 2 | AB83: 1.732 | AC83: =(AA83/AB83) -> 1.1547344 | AE83: 2 | AF83: 1.732 | AG83: =(AE83/2)/AF83*100/O83 -> 1.1547344 | AH83: =SQRT(W83*W83+Z83*Z83+AC83*AC83+AG83*AG83) -> 1.6330977 | AI83: =(AH83*AH83*AH83*AH83)/((W83*W83*W83*W83)/4) -> 1.1113957e+11 | AJ83: =IF(AI83="Infinity",2,IF(AI83<30,CHOOSE(AI83,13.97,4.53,3.31,2.87,2.65,2.52,2.43,2.37,2.32,2.28,2.25,2.23,2.21,2.2,2.18,2.17,2.16,2.15,2.14,2.13,2.13,2.12,2.12,2.11,2.11,2.1,2.1,2.09,2.09),2)) -> 2 | AK83: =ABS(AH83*AJ83) -> 3.2661954 | AM83: 0.17 | AN83: =MAX(AK83:AM83) -> 3.2661954
B84: 60 | D84: 64.42 | F84: 60 | H84: =F84-D84 -> -4.42 | J84: =H84*100/100 -> -4.42 | L84: =AN84 -> 3.0063745 | N84: 2 | O84: =B84 -> 60 | P84: 64.42 | Q84: 64.42 | R84: 64.42 | S84: 64.43 | T84: 64.42 | U84: =AVERAGE(P84:T84) -> 64.422 | V84: =STDEV(P84:T84) -> 0.004472136 | W84: =V84/SQRT(5)*100/O84 -> 0.0033333333 | X84: 0.026 | Y84: 2 | Z84: =X84/Y84 -> 0.013 | AA84: 2 | AB84: 1.732 | AC84: =(AA84/AB84) -> 1.1547344 | AE84: 2 | AF84: 1.732 | AG84: =(AE84/2)/AF84*100/O84 -> 0.96227868 | AH84: =SQRT(W84*W84+Z84*Z84+AC84*AC84+AG84*AG84) -> 1.5031873 | AI84: =(AH84*AH84*AH84*AH84)/((W84*W84*W84*W84)/4) -> 1.6542355e+11 | AJ84: =IF(AI84="Infinity",2,IF(AI84<30,CHOOSE(AI84,13.97,4.53,3.31,2.87,2.65,2.52,2.43,2.37,2.32,2.28,2.25,2.23,2.21,2.2,2.18,2.17,2.16,2.15,2.14,2.13,2.13,2.12,2.12,2.11,2.11,2.1,2.1,2.09,2.09),2)) -> 2 | AK84: =ABS(AH84*AJ84) -> 3.0063745 | AM84: 0.17 | AN84: =MAX(AK84:AM84) -> 3.0063745
B85: 70 | D85: 74.61 | F85: 70 | H85: =F85-D85 -> -4.61 | J85: =H85*100/100 -> -4.61 | L85: =AN85 -> 2.8382394 | N85: 2 | O85: =B85 -> 70 | P85: 74.61 | Q85: 74.61 | R85: 74.61 | S85: 74.62 | T85: 74.61 | U85: =AVERAGE(P85:T85) -> 74.612 | V85: =STDEV(P85:T85) -> 0.004472136 | W85: =V85/SQRT(5)*100/O85 -> 0.0028571429 | X85: 0.026 | Y85: 2 | Z85: =X85/Y85 -> 0.013 | AA85: 2 | AB85: 1.732 | AC85: =(AA85/AB85) -> 1.1547344 | AE85: 2 | AF85: 1.732 | AG85: =(AE85/2)/AF85*100/O85 -> 0.82481029 | AH85: =SQRT(W85*W85+Z85*Z85+AC85*AC85+AG85*AG85) -> 1.4191197 | AI85: =(AH85*AH85*AH85*AH85)/((W85*W85*W85*W85)/4) -> 2.4344917e+11 | AJ85: =IF(AI85="Infinity",2,IF(AI85<30,CHOOSE(AI85,13.97,4.53,3.31,2.87,2.65,2.52,2.43,2.37,2.32,2.28,2.25,2.23,2.21,2.2,2.18,2.17,2.16,2.15,2.14,2.13,2.13,2.12,2.12,2.11,2.11,2.1,2.1,2.09,2.09),2)) -> 2 | AK85: =ABS(AH85*AJ85) -> 2.8382394 | AM85: 0.17 | AN85: =MAX(AK85:AM85) -> 2.8382394
A116: Calibrated By | L116: Authorised Signatory
A117: Bhupendra Ozarkar | L117: Baviskar P.U.
A118: Calibration Engineer | L118: Technical Manager
A119: ********** End of Certificate **********

Sheet Sheet2
B2: Certificate No. | E2: =Sheet1!D13 -> 16174766/N/ET/01 | I2: Issue Date | N2: =Sheet1!M13 -> 17/02/2017
B3: Date of Calibration | E3: =Sheet1!D14 -> 16/02/2017 | I3: Recommended Next Calibration Date | N3: =Sheet1!M14 -> 15/02/2018
B5: Service Request Form No. | G5: =Sheet1!F16 -> 16174766
B6: Calibrated for | G6: =Sheet1!F17 -> M/s.Enam Casting Pvt Ltd
G7: =Sheet1!F18 -> D-72,MIDC Area, Satpur,Nashik - 422 007.
B12: UNCERTAINTY EVALUATION
B14: =Sheet1!D23 -> Analog H.V. Tester (AC)
B15: =Sheet1!A13 -> Certificate No. | D15: =Sheet1!D13 -> 16174766/N/ET/01
A16: Test Point | B16: Type "A" (Repeatability) | G16: Avg. | H16: SD | I16: Ua | J16: Limits (%) | K16: Divisor | L16: Ub1 | M16: Limits (%) | N16: Divisor | O16: Ub2 | Q16: Limits (A) | R16: Divisor | S16: Ub3 (%) | T16: Uc (%) | U16: DOF | V16: k | W16: Ux (%) | Y16: CMC as per Scope (%rdg) | Z16: Final Un.
A17: =Sheet1!O78 -> 0 | B17: 0 | C17: 0 | D17: 0 | E17: 0 | F17: 0 | G17: =AVERAGE(B17:F17) -> 0 | H17: =STDEV(B17:F17) -> 0 | I17: =H17/SQRT(5)*100/A17 -> #DIV/0! | J17: 0.026 | K17: 2 | L17: =J17/K17 -> 0.013 | M17: 2 | N17: 1.732 | O17: =(M17/N17) -> 1.1547344 | Q17: 2 | R17: 1.732 | S17: =(Q17/2)/R17*100/A17 -> #DIV/0! | T17: =SQRT(I17*I17+L17*L17+O17*O17+S17*S17) -> #DIV/0! | U17: =(T17*T17*T17*T17)/((I17*I17*I17*I17)/4) -> #DIV/0! | V17: =IF(U17="Infinity",2,IF(U17<30,CHOOSE(U17,13.97,4.53,3.31,2.87,2.65,2.52,2.43,2.37,2.32,2.28,2.25,2.23,2.21,2.2,2.18,2.17,2.16,2.15,2.14,2.13,2.13,2.12,2.12,2.11,2.11,2.1,2.1,2.09,2.09),2)) -> #DIV/0! | W17: =ABS(T17*V17) -> #DIV/0! | Y17: 0.17 | Z17: =MAX(W17:Y17) -> #DIV/0!
A18: =Sheet1!O79 -> 10 | B18: 10.8 | C18: 10.8 | D18: 10.8 | E18: 10.81 | F18: 10.8 | G18: =AVERAGE(B18:F18) -> 10.802 | H18: =STDEV(B18:F18) -> 0.004472136 | I18: =H18/SQRT(5)*100/A18 -> 0.02 | J18: 0.026 | K18: 2 | L18: =J18/K18 -> 0.013 | M18: 2 | N18: 1.732 | O18: =(M18/N18) -> 1.1547344 | Q18: 2 | R18: 1.732 | S18: =(Q18/2)/R18*100/100 -> 0.57736721 | T18: =SQRT(I18*I18+L18*L18+O18*O18+S18*S18) -> 1.2912527 | U18: =(T18*T18*T18*T18)/((I18*I18*I18*I18)/4) -> 69500021 | V18: =IF(U18="Infinity",2,IF(U18<30,CHOOSE(U18,13.97,4.53,3.31,2.87,2.65,2.52,2.43,2.37,2.32,2.28,2.25,2.23,2.21,2.2,2.18,2.17,2.16,2.15,2.14,2.13,2.13,2.12,2.12,2.11,2.11,2.1,2.1,2.09,2.09),2)) -> 2 | W18: =ABS(T18*V18) -> 2.5825053 | Y18: 3 | Z18: =MAX(W18:Y18) -> 3
A19: =Sheet1!O80 -> 20 | B19: 21.89 | C19: 21.89 | D19: 21.89 | E19: 21.87 | F19: 21.89 | G19: =AVERAGE(B19:F19) -> 21.886 | H19: =STDEV(B19:F19) -> 0.0089442719 | I19: =H19/SQRT(5)*100/A19 -> 0.02 | J19: 0.026 | K19: 2 | L19: =J19/K19 -> 0.013 | M19: 2 | N19: 1.732 | O19: =(M19/N19) -> 1.1547344 | Q19: 2 | R19: 1.732 | S19: =(Q19/2)/R19*100/100 -> 0.57736721 | T19: =SQRT(I19*I19+L19*L19+O19*O19+S19*S19) -> 1.2912527 | U19: =(T19*T19*T19*T19)/((I19*I19*I19*I19)/4) -> 69500021 | V19: =IF(U19="Infinity",2,IF(U19<30,CHOOSE(U19,13.97,4.53,3.31,2.87,2.65,2.52,2.43,2.37,2.32,2.28,2.25,2.23,2.21,2.2,2.18,2.17,2.16,2.15,2.14,2.13,2.13,2.12,2.12,2.11,2.11,2.1,2.1,2.09,2.09),2)) -> 2 | W19: =ABS(T19*V19) -> 2.5825053 | Y19: 3 | Z19: =MAX(W19:Y19) -> 3
A20: =Sheet1!O81 -> 30 | B20: 32.94 | C20: 32.94 | D20: 32.94 | E20: 32.95 | F20: 32.94 | G20: =AVERAGE(B20:F20) -> 32.942 | H20: =STDEV(B20:F20) -> 0.004472136 | I20: =H20/SQRT(5)*100/A20 -> 0.0066666667 | J20: 0.026 | K20: 2 | L20: =J20/K20 -> 0.013 | M20: 2 | N20: 1.732 | O20: =(M20/N20) -> 1.1547344 | Q20: 2 | R20: 1.732 | S20: =(Q20/2)/R20*100/100 -> 0.57736721 | T20: =SQRT(I20*I20+L20*L20+O20*O20+S20*S20) -> 1.291115 | U20: =(T20*T20*T20*T20)/((I20*I20*I20*I20)/4) -> 5.627101e+09 | V20: =IF(U20="Infinity",2,IF(U20<30,CHOOSE(U20,13.97,4.53,3.31,2.87,2.65,2.52,2.43,2.37,2.32,2.28,2.25,2.23,2.21,2.2,2.18,2.17,2.16,2.15,2.14,2.13,2.13,2.12,2.12,2.11,2.11,2.1,2.1,2.09,2.09),2)) -> 2 | W20: =ABS(T20*V20) -> 2.58223 | Y20: 3 | Z20: =MAX(W20:Y20) -> 3
A21: =Sheet1!O82 -> 40 | B21: 43.72 | C21: 43.72 | D21: 43.72 | E21: 43.73 | F21: 43.72 | G21: =AVERAGE(B21:F21) -> 43.722 | H21: =STDEV(B21:F21) -> 0.004472136 | I21: =H21/SQRT(5)*100/A21 -> 0.005 | J21: 0.026 | K21: 2 | L21: =J21/K21 -> 0.013 | M21: 2 | N21: 1.732 | O21: =(M21/N21) -> 1.1547344 | Q21: 2 | R21: 1.732 | S21: =(Q21/2)/R21*100/100 -> 0.57736721 | T21: =SQRT(I21*I21+L21*L21+O21*O21+S21*S21) -> 1.2911075 | U21: =(T21*T21*T21*T21)/((I21*I21*I21*I21)/4) -> 1.7784003e+10 | V21: =IF(U21="Infinity",2,IF(U21<30,CHOOSE(U21,13.97,4.53,3.31,2.87,2.65,2.52,2.43,2.37,2.32,2.28,2.25,2.23,2.21,2.2,2.18,2.17,2.16,2.15,2.14,2.13,2.13,2.12,2.12,2.11,2.11,2.1,2.1,2.09,2.09),2)) -> 2 | W21: =ABS(T21*V21) -> 2.5822149 | Y21: 3 | Z21: =MAX(W21:Y21) -> 3
A22: =Sheet1!O83 -> 50 | B22: 54.17 | C22: 54.17 | D22: 54.17 | E22: 54.18 | F22: 54.17 | G22: =AVERAGE(B22:F22) -> 54.172 | H22: =STDEV(B22:F22) -> 0.004472136 | I22: =H22/SQRT(5)*100/A22 -> 0.004 | J22: 0.026 | K22: 2 | L22: =J22/K22 -> 0.013 | M22: 2 | N22: 1.732 | O22: =(M22/N22) -> 1.1547344 | Q22: 2 | R22: 1.732 | S22: =(Q22/2)/R22*100/100 -> 0.57736721 | T22: =SQRT(I22*I22+L22*L22+O22*O22+S22*S22) -> 1.291104 | U22: =(T22*T22*T22*T22)/((I22*I22*I22*I22)/4) -> 4.3417507e+10 | V22: =IF(U22="Infinity",2,IF(U22<30,CHOOSE(U22,13.97,4.53,3.31,2.87,2.65,2.52,2.43,2.37,2.32,2.28,2.25,2.23,2.21,2.2,2.18,2.17,2.16,2.15,2.14,2.13,2.13,2.12,2.12,2.11,2.11,2.1,2.1,2.09,2.09),2)) -> 2 | W22: =ABS(T22*V22) -> 2.5822079 | Y22: 3 | Z22: =MAX(W22:Y22) -> 3
A23: =Sheet1!O84 -> 60 | B23: 64.42 | C23: 64.42 | D23: 64.42 | E23: 64.43 | F23: 64.42 | G23: =AVERAGE(B23:F23) -> 64.422 | H23: =STDEV(B23:F23) -> 0.004472136 | I23: =H23/SQRT(5)*100/A23 -> 0.0033333333 | J23: 0.026 | K23: 2 | L23: =J23/K23 -> 0.013 | M23: 2 | N23: 1.732 | O23: =(M23/N23) -> 1.1547344 | Q23: 2 | R23: 1.732 | S23: =(Q23/2)/R23*100/100 -> 0.57736721 | T23: =SQRT(I23*I23+L23*L23+O23*O23+S23*S23) -> 1.2911021 | U23: =(T23*T23*T23*T23)/((I23*I23*I23*I23)/4) -> 9.0030015e+10 | V23: =IF(U23="Infinity",2,IF(U23<30,CHOOSE(U23,13.97,4.53,3.31,2.87,2.65,2.52,2.43,2.37,2.32,2.28,2.25,2.23,2.21,2.2,2.18,2.17,2.16,2.15,2.14,2.13,2.13,2.12,2.12,2.11,2.11,2.1,2.1,2.09,2.09),2)) -> 2 | W23: =ABS(T23*V23) -> 2.5822041 | Y23: 3 | Z23: =MAX(W23:Y23) -> 3
A24: =Sheet1!O85 -> 70 | B24: 74.61 | C24: 74.61 | D24: 74.61 | E24: 74.62 | F24: 74.61 | G24: =AVERAGE(B24:F24) -> 74.612 | H24: =STDEV(B24:F24) -> 0.004472136 | I24: =H24/SQRT(5)*100/A24 -> 0.0028571429 | J24: 0.026 | K24: 2 | L24: =J24/K24 -> 0.013 | M24: 2 | N24: 1.732 | O24: =(M24/N24) -> 1.1547344 | Q24: 2 | R24: 1.732 | S24: =(Q24/2)/R24*100/100 -> 0.57736721 | T24: =SQRT(I24*I24+L24*L24+O24*O24+S24*S24) -> 1.2911009 | U24: =(T24*T24*T24*T24)/((I24*I24*I24*I24)/4) -> 1.6679113e+11 | V24: =IF(U24="Infinity",2,IF(U24<30,CHOOSE(U24,13.97,4.53,3.31,2.87,2.65,2.52,2.43,2.37,2.32,2.28,2.25,2.23,2.21,2.2,2.18,2.17,2.16,2.15,2.14,2.13,2.13,2.12,2.12,2.11,2.11,2.1,2.1,2.09,2.09),2)) -> 2 | W24: =ABS(T24*V24) -> 2.5822019 | Y24: 3 | Z24: =MAX(W24:Y24) -> 3
